{"v":"5.6.4","fr":24,"ip":0,"op":361,"w":720,"h":720,"nm":"Loading Screen","ddd":0,"assets":[],"layers":[{"ddd":0,"ind":1,"ty":4,"nm":"Layer 2","sr":1,"ks":{"o":{"a":0,"k":100,"ix":11},"r":{"a":0,"k":0,"ix":10},"p":{"a":0,"k":[360,360,0],"ix":2},"a":{"a":0,"k":[0,0,0],"ix":1},"s":{"a":0,"k":[100,100,100],"ix":6}},"ao":0,"shapes":[{"ty":"gr","it":[{"ind":0,"ty":"sh","ix":1,"ks":{"a":0,"k":{"i":[[0,-50.783],[145.888,0],[0,50.783],[-145.888,0]],"o":[[0,50.783],[-145.888,0],[0,-50.783],[145.888,0]],"v":[[264.154,207.359],[0,299.31],[-264.154,207.359],[0,115.408]],"c":true},"ix":2},"nm":"Path 1","mn":"ADBE Vector Shape - Group","hd":false},{"ty":"st","c":{"a":0,"k":[1,1,1,1],"ix":3},"o":{"a":0,"k":100,"ix":4},"w":{"a":0,"k":7,"ix":5},"lc":2,"lj":1,"ml":10,"bm":0,"nm":"Stroke 1","mn":"ADBE Vector Graphic - Stroke","hd":false},{"ty":"tr","p":{"a":0,"k":[0,0],"ix":2},"a":{"a":0,"k":[0,0],"ix":1},"s":{"a":0,"k":[100,100],"ix":3},"r":{"a":0,"k":0,"ix":6},"o":{"a":0,"k":100,"ix":7},"sk":{"a":0,"k":0,"ix":4},"sa":{"a":0,"k":0,"ix":5},"nm":"Transform"}],"nm":"Group 1","np":2,"cix":2,"bm":0,"ix":1,"mn":"ADBE Vector Group","hd":false},{"ty":"tm","s":{"a":0,"k":35,"ix":1},"e":{"a":0,"k":100,"ix":2},"o":{"a":0,"k":0,"ix":3,"x":"var $bm_rt;\n$bm_rt = $bm_mul(time, 1100);"},"m":1,"ix":2,"nm":"Trim Paths 1","mn":"ADBE Vector Filter - Trim","hd":false}],"ip":0,"op":361,"st":0,"bm":0},{"ddd":0,"ind":2,"ty":4,"nm":"Layer 1","sr":1,"ks":{"o":{"a":0,"k":100,"ix":11},"r":{"a":0,"k":0,"ix":10},"p":{"a":0,"k":[360,360,0],"ix":2},"a":{"a":0,"k":[0,0,0],"ix":1},"s":{"a":0,"k":[100,100,100],"ix":6}},"ao":0,"shapes":[{"ty":"gr","it":[{"ty":"gr","it":[{"ty":"gr","it":[{"ind":0,"ty":"sh","ix":1,"ks":{"a":0,"k":{"i":[[5.318,0],[2.71,0.964],[1.811,1.557],[1.178,1.862],[0.377,0.879],[0.226,1.058],[1.284,4.844],[0.114,1.502],[-0.293,1.445],[-0.806,1.08],[-1.532,0.638],[-2.347,0],[-2.332,-0.813],[-1.848,-1.451],[-1.248,-1.648],[-0.554,-0.983],[-0.353,-0.818],[-0.317,-0.795],[4.366,0.026],[0.402,1.01],[0.433,0.798],[0.077,0.139],[0.975,0.561],[1.444,0.012],[0.532,-0.284],[0.206,-0.387],[-0.059,-0.658],[-0.139,-0.504],[-0.265,-0.76],[-2.135,-6.614],[-0.307,-0.593],[-0.266,-0.424],[-1.126,-0.597],[-1.582,0.013],[-0.393,1.26],[0.748,2.004],[0.495,1.323],[2.388,-0.014],[0.558,1.648],[-6.051,0.003],[-5.84,-12.907],[3.175,-0.004],[1.114,1.954]],"o":[[-3.213,0],[-2.711,-0.964],[-1.857,-1.596],[-0.559,-0.883],[-0.44,-1.025],[-1.225,-4.87],[-0.433,-1.658],[-0.114,-1.501],[0.294,-1.444],[0.806,-1.08],[1.531,-0.638],[2.773,0],[2.331,0.813],[1.848,1.451],[0.686,0.907],[0.439,0.78],[0.35,0.853],[-4.176,-0.026],[-0.36,-0.934],[-0.402,-0.945],[-0.075,-0.138],[-0.506,-0.912],[-0.975,-0.56],[-0.934,-0.008],[-0.532,0.284],[-0.207,0.388],[0.06,0.659],[0.138,0.504],[2.272,6.605],[0.23,0.669],[0.245,0.474],[0.616,0.982],[1.125,0.597],[2.359,-0.019],[0.393,-1.26],[-0.559,-1.459],[-2.32,0.014],[-0.582,-1.717],[6.575,-0.003],[2.57,6.687],[-2.935,0.004],[-1.306,-2.325],[-0.214,3.758]],"v":[[116.358,225.728],[107.402,224.243],[100.583,220.403],[96.024,215.142],[94.613,212.496],[93.618,209.373],[90.743,197.851],[89.924,193.101],[90.197,188.668],[91.829,184.841],[95.319,182.235],[101.114,181.26],[108.769,182.498],[115.074,185.956],[119.758,190.652],[121.623,193.501],[122.814,195.902],[123.645,197.958],[112.955,197.893],[112.005,195.467],[110.746,192.842],[110.518,192.423],[108.263,190.184],[104.634,189.314],[102.439,189.734],[101.33,190.746],[101.114,192.327],[101.407,194.065],[102.019,195.976],[106.844,211.051],[107.64,212.975],[108.427,214.345],[111.083,216.747],[115.165,217.638],[119.246,215.654],[118.646,210.649],[117.337,207.188],[111.449,207.222],[110.042,203.051],[125.881,203.044],[134.963,224.844],[127.313,224.854],[124.296,219.521]],"c":true},"ix":2},"nm":"Path 1","mn":"ADBE Vector Shape - Group","hd":false},{"ty":"fl","c":{"a":0,"k":[1,1,1,1],"ix":4},"o":{"a":0,"k":100,"ix":5},"r":1,"bm":0,"nm":"Fill 1","mn":"ADBE Vector Graphic - Fill","hd":false},{"ty":"tr","p":{"a":0,"k":[0,0],"ix":2},"a":{"a":0,"k":[0,0],"ix":1},"s":{"a":0,"k":[100,100],"ix":3},"r":{"a":0,"k":0,"ix":6},"o":{"a":0,"k":100,"ix":7},"sk":{"a":0,"k":0,"ix":4},"sa":{"a":0,"k":0,"ix":5},"nm":"Transform"}],"nm":"Group 1","np":2,"cix":2,"bm":0,"ix":1,"mn":"ADBE Vector Group","hd":false},{"ty":"gr","it":[{"ind":0,"ty":"sh","ix":1,"ks":{"a":0,"k":{"i":[[3.879,-0.005],[1.369,14.34],[-2.971,-0.004],[-6.587,-7.372],[2.921,12.535],[-3.54,-0.004],[-3.396,-14.304],[3.56,-0.004],[6.153,7.738],[-2.065,-12.849]],"o":[[-1.787,-14.297],[2.968,0.003],[6.728,12.314],[-1.054,-7.384],[3.54,0.004],[3.764,14.215],[-3.623,0.004],[-5.788,-8.024],[0.764,8.014],[-4.252,0.005]],"v":[[54.741,224.937],[50.448,181.998],[57.873,182.006],[74.054,204.497],[69.968,182.02],[78.819,182.031],[88.832,224.897],[79.841,224.907],[61.985,201.397],[64.93,224.924]],"c":true},"ix":2},"nm":"Path 1","mn":"ADBE Vector Shape - Group","hd":false},{"ty":"fl","c":{"a":0,"k":[1,1,1,1],"ix":4},"o":{"a":0,"k":100,"ix":5},"r":1,"bm":0,"nm":"Fill 1","mn":"ADBE Vector Graphic - Fill","hd":false},{"ty":"tr","p":{"a":0,"k":[0,0],"ix":2},"a":{"a":0,"k":[0,0],"ix":1},"s":{"a":0,"k":[100,100],"ix":3},"r":{"a":0,"k":0,"ix":6},"o":{"a":0,"k":100,"ix":7},"sk":{"a":0,"k":0,"ix":4},"sa":{"a":0,"k":0,"ix":5},"nm":"Transform"}],"nm":"Group 2","np":2,"cix":2,"bm":0,"ix":2,"mn":"ADBE Vector Group","hd":false},{"ty":"gr","it":[{"ind":0,"ty":"sh","ix":1,"ks":{"a":0,"k":{"i":[[5.15,0.004],[0.902,14.315],[-4.209,-0.005],[-1.701,-14.321]],"o":[[-0.784,-14.322],[4.205,0.003],[1.051,14.383],[-4.425,-0.004]],"v":[[34.416,224.931],[31.882,181.98],[42.39,181.988],[46.438,224.942]],"c":true},"ix":2},"nm":"Path 1","mn":"ADBE Vector Shape - Group","hd":false},{"ty":"fl","c":{"a":0,"k":[1,1,1,1],"ix":4},"o":{"a":0,"k":100,"ix":5},"r":1,"bm":0,"nm":"Fill 1","mn":"ADBE Vector Graphic - Fill","hd":false},{"ty":"tr","p":{"a":0,"k":[0,0],"ix":2},"a":{"a":0,"k":[0,0],"ix":1},"s":{"a":0,"k":[100,100],"ix":3},"r":{"a":0,"k":0,"ix":6},"o":{"a":0,"k":100,"ix":7},"sk":{"a":0,"k":0,"ix":4},"sa":{"a":0,"k":0,"ix":5},"nm":"Transform"}],"nm":"Group 3","np":2,"cix":2,"bm":0,"ix":3,"mn":"ADBE Vector Group","hd":false},{"ty":"gr","it":[{"ind":0,"ty":"sh","ix":1,"ks":{"a":0,"k":{"i":[[1.893,-9.361],[-1.22,-0.008],[-0.886,0.119],[-0.612,0.176],[-0.443,0.385],[-0.259,0.329],[-0.169,0.612],[-0.079,0.447],[-0.076,0.794],[-0.346,6.158],[0.084,0.677],[0.085,0.372],[0.949,0.458],[2.044,0.014],[0.944,0.006]],"o":[[1.22,0.008],[1.158,0.008],[0.886,-0.119],[0.611,-0.176],[0.443,-0.384],[0.258,-0.329],[0.168,-0.611],[0.079,-0.447],[0.653,-6.227],[0.053,-0.863],[-0.057,-0.455],[-0.217,-0.95],[-0.95,-0.458],[-0.944,-0.006],[-0.826,9.529]],"v":[[-0.136,217.498],[2.915,217.519],[5.983,217.352],[8.229,216.911],[9.811,216.066],[10.861,214.997],[11.502,213.577],[11.871,211.995],[12.104,210.123],[13.352,195.489],[13.325,193.145],[13.098,191.882],[11.324,189.736],[6.84,189.023],[4.48,189.008]],"c":true},"ix":2},"nm":"Path 1","mn":"ADBE Vector Shape - Group","hd":false},{"ind":1,"ty":"sh","ix":2,"ks":{"a":0,"k":{"i":[[7.039,0.005],[-2.503,14.688],[-5.143,-0.003],[-2.241,-0.645],[-1.39,-1.327],[-0.615,-1.682],[-0.172,-1.017],[-0.031,-1.074],[0.002,-5.601],[1.328,-2.177],[3.45,-1.294],[5.967,0.004]],"o":[[3.944,-14.358],[5.142,0.003],[3.343,0.002],[2.241,0.646],[1.39,1.327],[0.32,0.875],[0.161,0.95],[0.124,5.584],[0.004,2.998],[-1.328,2.177],[-3.451,1.294],[-7.285,-0.005]],"v":[[-16.051,224.895],[-5.634,181.956],[7.224,181.964],[15.583,182.945],[21.03,185.945],[24.062,190.506],[24.799,193.358],[25.087,196.398],[25.218,209.738],[23.281,217.602],[16.164,222.913],[1.957,224.908]],"c":true},"ix":2},"nm":"Path 2","mn":"ADBE Vector Shape - Group","hd":false},{"ty":"fl","c":{"a":0,"k":[1,1,1,1],"ix":4},"o":{"a":0,"k":100,"ix":5},"r":1,"bm":0,"nm":"Fill 1","mn":"ADBE Vector Graphic - Fill","hd":false},{"ty":"tr","p":{"a":0,"k":[0,0],"ix":2},"a":{"a":0,"k":[0,0],"ix":1},"s":{"a":0,"k":[100,100],"ix":3},"r":{"a":0,"k":0,"ix":6},"o":{"a":0,"k":100,"ix":7},"sk":{"a":0,"k":0,"ix":4},"sa":{"a":0,"k":0,"ix":5},"nm":"Transform"}],"nm":"Group 4","np":3,"cix":2,"bm":0,"ix":4,"mn":"ADBE Vector Group","hd":false},{"ty":"gr","it":[{"ind":0,"ty":"sh","ix":1,"ks":{"a":0,"k":{"i":[[3.826,-6.224],[-2.794,-0.039],[-0.746,6.3]],"o":[[2.597,0.039],[1.091,-6.248],[-3.399,6.272]],"v":[[-39.2,208.055],[-32.454,208.152],[-30.254,193.364]],"c":true},"ix":2},"nm":"Path 1","mn":"ADBE Vector Shape - Group","hd":false},{"ind":1,"ty":"sh","ix":2,"ks":{"a":0,"k":{"i":[[4.651,0.002],[-7.728,15.14],[-4.621,-0.003],[0.858,-14.328],[4.608,0.004],[-0.623,3.963],[3.364,0.042],[2.774,-5.465]],"o":[[8.997,-14.401],[4.61,0.003],[-0.301,14.349],[-5.105,-0.004],[0.865,-5.399],[-3.783,-0.042],[-2.331,3.968],[-4.177,-0.002]],"v":[[-59.711,224.865],[-32.88,181.939],[-21.34,181.946],[-22.995,224.89],[-35.179,224.88],[-33.332,213.331],[-42.289,213.227],[-48.642,224.869]],"c":true},"ix":2},"nm":"Path 2","mn":"ADBE Vector Shape - Group","hd":false},{"ty":"fl","c":{"a":0,"k":[1,1,1,1],"ix":4},"o":{"a":0,"k":100,"ix":5},"r":1,"bm":0,"nm":"Fill 1","mn":"ADBE Vector Graphic - Fill","hd":false},{"ty":"tr","p":{"a":0,"k":[0,0],"ix":2},"a":{"a":0,"k":[0,0],"ix":1},"s":{"a":0,"k":[100,100],"ix":3},"r":{"a":0,"k":0,"ix":6},"o":{"a":0,"k":100,"ix":7},"sk":{"a":0,"k":0,"ix":4},"sa":{"a":0,"k":0,"ix":5},"nm":"Transform"}],"nm":"Group 5","np":3,"cix":2,"bm":0,"ix":5,"mn":"ADBE Vector Group","hd":false},{"ty":"gr","it":[{"ind":0,"ty":"sh","ix":1,"ks":{"a":0,"k":{"i":[[-1.664,-0.001],[-1.001,0.345],[-0.704,0.649],[-0.435,0.639],[-0.439,0.86],[-3.191,7.24],[-0.139,0.575],[-0.071,0.281],[0.568,0.538],[1.423,-0.02],[0.848,-0.315],[0.615,-0.606],[0.399,-0.587],[0.427,-0.816],[4.18,-7.578],[0.265,-0.684],[0.075,-0.244],[-0.593,-0.621]],"o":[[1.269,0.001],[1.001,-0.345],[0.704,-0.65],[0.433,-0.638],[3.785,-7.655],[0.252,-0.641],[0.068,-0.283],[0.207,-0.817],[-0.568,-0.539],[-1.084,0.015],[-0.847,0.314],[-0.616,0.606],[-0.4,0.587],[-3.686,7.256],[-0.388,0.737],[-0.109,0.281],[-0.272,0.887],[0.593,0.622]],"v":[[-80.815,217.537],[-77.407,217.018],[-74.847,215.514],[-73.141,213.581],[-71.827,211.322],[-63.606,194.325],[-62.978,192.475],[-62.767,191.601],[-63.333,189.516],[-66.309,188.726],[-69.204,189.223],[-71.401,190.613],[-72.926,192.402],[-74.168,194.516],[-83.387,211.354],[-84.368,213.487],[-84.639,214.287],[-84.205,216.587]],"c":true},"ix":2},"nm":"Path 1","mn":"ADBE Vector Shape - Group","hd":false},{"ind":1,"ty":"sh","ix":2,"ks":{"a":0,"k":{"i":[[7.14,0],[2.112,0.901],[0.616,1.596],[-0.412,1.812],[-0.45,1.005],[-0.616,0.978],[-3.295,5.488],[-3.922,2.868],[-5.59,0],[-1.76,-0.79],[-0.75,-1.385],[0.014,-1.669],[0.198,-0.942],[0.376,-0.931],[2.588,-5.843],[4.272,-3.083]],"o":[[-3.666,0],[-2.112,-0.901],[-0.616,-1.597],[0.214,-0.942],[0.42,-0.937],[3.505,-5.62],[2.397,-4.014],[3.922,-2.868],[2.858,0],[1.76,0.789],[0.747,1.381],[-0.007,0.869],[-0.183,0.867],[-2.173,5.518],[-1.876,4.257],[-4.273,3.082]],"v":[[-84.838,225.69],[-93.53,224.313],[-97.59,220.497],[-97.853,215.331],[-96.855,212.401],[-95.3,209.527],[-87.175,196.545],[-77.455,185.833],[-63.217,181.261],[-56.321,182.475],[-52.511,185.8],[-51.408,190.468],[-51.708,193.214],[-52.563,195.922],[-58.329,209.355],[-67.575,220.731]],"c":true},"ix":2},"nm":"Path 2","mn":"ADBE Vector Shape - Group","hd":false},{"ty":"fl","c":{"a":0,"k":[1,1,1,1],"ix":4},"o":{"a":0,"k":100,"ix":5},"r":1,"bm":0,"nm":"Fill 1","mn":"ADBE Vector Graphic - Fill","hd":false},{"ty":"tr","p":{"a":0,"k":[0,0],"ix":2},"a":{"a":0,"k":[0,0],"ix":1},"s":{"a":0,"k":[100,100],"ix":3},"r":{"a":0,"k":0,"ix":6},"o":{"a":0,"k":100,"ix":7},"sk":{"a":0,"k":0,"ix":4},"sa":{"a":0,"k":0,"ix":5},"nm":"Transform"}],"nm":"Group 6","np":3,"cix":2,"bm":0,"ix":6,"mn":"ADBE Vector Group","hd":false},{"ty":"gr","it":[{"ind":0,"ty":"sh","ix":1,"ks":{"a":0,"k":{"i":[[9.21,0.004],[-9.581,14.344],[-4.258,0.008],[7.867,-11.75],[-6.021,-0.005],[1.977,-3.428]],"o":[[9.271,-14.552],[4.252,-0.008],[-7.562,11.955],[5.592,0.005],[-1.626,2.689],[-11.423,-0.004]],"v":[[-134.963,224.839],[-105.937,182.063],[-95.3,182.044],[-118.856,217.239],[-104.285,217.25],[-108.765,224.848]],"c":true},"ix":2},"nm":"Path 1","mn":"ADBE Vector Shape - Group","hd":false},{"ty":"fl","c":{"a":0,"k":[1,1,1,1],"ix":4},"o":{"a":0,"k":100,"ix":5},"r":1,"bm":0,"nm":"Fill 1","mn":"ADBE Vector Graphic - Fill","hd":false},{"ty":"tr","p":{"a":0,"k":[0,0],"ix":2},"a":{"a":0,"k":[0,0],"ix":1},"s":{"a":0,"k":[100,100],"ix":3},"r":{"a":0,"k":0,"ix":6},"o":{"a":0,"k":100,"ix":7},"sk":{"a":0,"k":0,"ix":4},"sa":{"a":0,"k":0,"ix":5},"nm":"Transform"}],"nm":"Group 7","np":2,"cix":2,"bm":0,"ix":7,"mn":"ADBE Vector Group","hd":false},{"ty":"tr","p":{"a":0,"k":[0,0],"ix":2},"a":{"a":0,"k":[0,0],"ix":1},"s":{"a":0,"k":[100,100],"ix":3},"r":{"a":0,"k":0,"ix":6},"o":{"a":0,"k":97,"ix":7},"sk":{"a":0,"k":0,"ix":4},"sa":{"a":0,"k":0,"ix":5},"nm":"Transform"}],"nm":"Group 1","np":7,"cix":2,"bm":0,"ix":1,"mn":"ADBE Vector Group","hd":false},{"ty":"tr","p":{"a":0,"k":[0,0],"ix":2},"a":{"a":0,"k":[0,0],"ix":1},"s":{"a":0,"k":[100,100],"ix":3},"r":{"a":0,"k":0,"ix":6},"o":{"a":0,"k":100,"ix":7},"sk":{"a":0,"k":0,"ix":4},"sa":{"a":0,"k":0,"ix":5},"nm":"Transform"}],"nm":"Group 1","np":1,"cix":2,"bm":0,"ix":1,"mn":"ADBE Vector Group","hd":false},{"ty":"gr","it":[{"ty":"gr","it":[{"ind":0,"ty":"sh","ix":1,"ks":{"a":0,"k":{"i":[[158.947,0],[31.069,-56.24],[-14.276,36.469],[-44.248,11.033],[-1.616,-1.115],[0,-5.463],[-3.774,-2.931],[0,-8.734],[-2.626,-3.647],[0,0],[0,-3.3],[0,0],[-3.3,0],[0,0],[0,3.3],[0,0],[3.3,0],[0,0],[0,4.827],[7.349,3.625],[0,5.137],[4.19,2.89],[-1.112,1.614],[-30.774,-78.722],[-8.623,-45.436]],"o":[[-155.962,0],[8.572,-44.4],[30.742,-78.53],[1.113,1.617],[-4.19,2.89],[0,5.137],[-7.349,3.625],[0,4.827],[0,0],[-3.3,0],[0,0],[0,3.3],[0,0],[3.3,0],[0,0],[0,-3.3],[0,0],[2.626,-3.647],[0,-8.734],[3.774,-2.931],[0,-5.463],[1.613,-1.113],[44.219,11.065],[14.584,37.307],[-27.766,-57.854]],"v":[[-0.567,86.098],[-317.828,184.543],[-283.358,62.063],[-167.95,-75.296],[-163.82,-71.162],[-170.764,-57.982],[-164.548,-45.347],[-176.967,-25.418],[-172.789,-12.475],[-176.073,-12.475],[-182.073,-6.475],[-182.073,6.391],[-176.073,12.391],[174.938,12.391],[180.938,6.391],[180.938,-6.475],[174.938,-12.475],[172.789,-12.475],[176.967,-25.418],[164.548,-45.347],[170.764,-57.982],[163.82,-71.162],[167.944,-75.288],[283.357,62.415],[318.371,187.788]],"c":true},"ix":2},"nm":"Path 1","mn":"ADBE Vector Shape - Group","hd":false},{"ind":1,"ty":"sh","ix":2,"ks":{"a":0,"k":{"i":[[0,0.398],[-4.132,2.676],[-2.969,0],[-2.386,1.415],[-0.338,-4.84],[2.895,0],[7.044,-1.713]],"o":[[0,-5.279],[2.386,1.415],[2.969,0],[3.855,2.496],[-2.604,-0.24],[-7.397,0],[-0.031,-0.39]],"v":[[-169.764,-84.342],[-162.886,-96.938],[-154.758,-94.697],[-146.63,-96.938],[-139.805,-85.392],[-148.041,-85.766],[-169.705,-83.163]],"c":true},"ix":2},"nm":"Path 2","mn":"ADBE Vector Shape - Group","hd":false},{"ind":2,"ty":"sh","ix":3,"ks":{"a":0,"k":{"i":[[-2.131,-1.164],[2.594,0],[2.131,1.164],[-2.594,0]],"o":[[-2.131,1.164],[-2.594,0],[2.131,-1.164],[2.594,0]],"v":[[-147.591,-97.523],[-154.758,-95.697],[-161.925,-97.523],[-154.758,-99.349]],"c":true},"ix":2},"nm":"Path 3","mn":"ADBE Vector Shape - Group","hd":false},{"ind":3,"ty":"sh","ix":4,"ks":{"a":0,"k":{"i":[[0,5.279],[-4.132,2.676],[-2.969,0],[-2.386,1.414],[0,-5.279],[4.132,-2.676],[2.969,0],[2.386,-1.415]],"o":[[0,-5.279],[2.386,1.414],[2.969,0],[4.132,2.676],[0,5.279],[-2.386,-1.415],[-2.969,0],[-4.132,-2.676]],"v":[[-169.764,-110.703],[-162.886,-123.299],[-154.758,-121.058],[-146.631,-123.299],[-139.752,-110.703],[-146.63,-98.107],[-154.758,-100.349],[-162.886,-98.107]],"c":true},"ix":2},"nm":"Path 4","mn":"ADBE Vector Shape - Group","hd":false},{"ind":4,"ty":"sh","ix":5,"ks":{"a":0,"k":{"i":[[-2.131,-1.163],[2.594,0],[2.131,1.163],[-2.594,0]],"o":[[-2.131,1.163],[-2.594,0],[2.131,-1.163],[2.594,0]],"v":[[-147.591,-123.884],[-154.758,-122.058],[-161.925,-123.884],[-154.758,-125.709]],"c":true},"ix":2},"nm":"Path 5","mn":"ADBE Vector Shape - Group","hd":false},{"ind":5,"ty":"sh","ix":6,"ks":{"a":0,"k":{"i":[[0,5.279],[-4.132,2.676],[-2.969,0],[-2.386,1.415],[0,-5.279],[4.132,-2.676],[2.969,0],[2.386,-1.414]],"o":[[0,-5.279],[2.386,1.415],[2.969,0],[4.132,2.676],[0,5.279],[-2.386,-1.414],[-2.969,0],[-4.132,-2.676]],"v":[[-169.764,-137.064],[-162.886,-149.66],[-154.758,-147.418],[-146.63,-149.66],[-139.752,-137.064],[-146.631,-124.468],[-154.758,-126.709],[-162.886,-124.468]],"c":true},"ix":2},"nm":"Path 6","mn":"ADBE Vector Shape - Group","hd":false},{"ind":6,"ty":"sh","ix":7,"ks":{"a":0,"k":{"i":[[-2.131,-1.164],[2.594,0],[2.131,1.164],[-2.594,0]],"o":[[-2.131,1.164],[-2.594,0],[2.131,-1.164],[2.594,0]],"v":[[-147.591,-150.244],[-154.758,-148.418],[-161.925,-150.244],[-154.758,-152.071]],"c":true},"ix":2},"nm":"Path 7","mn":"ADBE Vector Shape - Group","hd":false},{"ind":7,"ty":"sh","ix":8,"ks":{"a":0,"k":{"i":[[0,5.279],[-4.132,2.676],[-2.969,0],[-2.386,1.415],[0,-5.279],[4.132,-2.676],[2.969,0],[2.386,-1.415]],"o":[[0,-5.279],[2.386,1.415],[2.969,0],[4.132,2.676],[0,5.279],[-2.386,-1.415],[-2.969,0],[-4.132,-2.676]],"v":[[-169.764,-163.425],[-162.886,-176.02],[-154.758,-173.779],[-146.63,-176.02],[-139.752,-163.425],[-146.63,-150.829],[-154.758,-153.071],[-162.886,-150.829]],"c":true},"ix":2},"nm":"Path 8","mn":"ADBE Vector Shape - Group","hd":false},{"ind":8,"ty":"sh","ix":9,"ks":{"a":0,"k":{"i":[[-2.131,-1.163],[2.594,0],[2.131,1.164],[-2.594,0]],"o":[[-2.131,1.164],[-2.594,0],[2.131,-1.163],[2.594,0]],"v":[[-147.591,-176.605],[-154.758,-174.779],[-161.925,-176.605],[-154.758,-178.431]],"c":true},"ix":2},"nm":"Path 9","mn":"ADBE Vector Shape - Group","hd":false},{"ind":9,"ty":"sh","ix":10,"ks":{"a":0,"k":{"i":[[0,5.279],[-4.132,2.676],[-2.969,0],[-2.386,1.414],[0,-5.279],[4.132,-2.676],[2.969,0],[2.386,-1.414]],"o":[[0,-5.279],[2.386,1.414],[2.969,0],[4.132,2.676],[0,5.279],[-2.386,-1.414],[-2.969,0],[-4.132,-2.676]],"v":[[-169.764,-189.785],[-162.886,-202.381],[-154.758,-200.14],[-146.631,-202.381],[-139.752,-189.785],[-146.63,-177.189],[-154.758,-179.431],[-162.886,-177.189]],"c":true},"ix":2},"nm":"Path 10","mn":"ADBE Vector Shape - Group","hd":false},{"ind":10,"ty":"sh","ix":11,"ks":{"a":0,"k":{"i":[[-2.131,-1.163],[2.594,0],[2.131,1.163],[-2.594,0]],"o":[[-2.131,1.163],[-2.594,0],[2.131,-1.163],[2.594,0]],"v":[[-147.591,-202.966],[-154.758,-201.14],[-161.925,-202.966],[-154.758,-204.791]],"c":true},"ix":2},"nm":"Path 11","mn":"ADBE Vector Shape - Group","hd":false},{"ind":11,"ty":"sh","ix":12,"ks":{"a":0,"k":{"i":[[0,5.279],[-4.132,2.676],[-2.969,0],[-2.386,1.414],[0,-5.279],[4.132,-2.676],[2.969,0],[2.386,-1.414]],"o":[[0,-5.279],[2.386,1.414],[2.969,0],[4.132,2.676],[0,5.279],[-2.386,-1.414],[-2.969,0],[-4.132,-2.676]],"v":[[-169.764,-216.146],[-162.886,-228.742],[-154.758,-226.5],[-146.63,-228.742],[-139.752,-216.146],[-146.631,-203.55],[-154.758,-205.791],[-162.886,-203.55]],"c":true},"ix":2},"nm":"Path 12","mn":"ADBE Vector Shape - Group","hd":false},{"ind":12,"ty":"sh","ix":13,"ks":{"a":0,"k":{"i":[[-2.131,-1.164],[2.594,0],[2.131,1.164],[-2.594,0]],"o":[[-2.131,1.164],[-2.594,0],[2.131,-1.164],[2.594,0]],"v":[[-147.591,-229.326],[-154.758,-227.5],[-161.925,-229.326],[-154.758,-231.153]],"c":true},"ix":2},"nm":"Path 13","mn":"ADBE Vector Shape - Group","hd":false},{"ind":13,"ty":"sh","ix":14,"ks":{"a":0,"k":{"i":[[0,5.279],[-4.132,2.676],[-2.969,0],[-2.386,1.414],[0,-5.279],[4.132,-2.676],[2.969,0],[2.386,-1.414]],"o":[[0,-5.279],[2.386,1.414],[2.969,0],[4.132,2.676],[0,5.279],[-2.386,-1.414],[-2.969,0],[-4.132,-2.676]],"v":[[-169.764,-242.507],[-162.886,-255.103],[-154.758,-252.862],[-146.631,-255.103],[-139.752,-242.507],[-146.63,-229.911],[-154.758,-232.153],[-162.886,-229.911]],"c":true},"ix":2},"nm":"Path 14","mn":"ADBE Vector Shape - Group","hd":false},{"ind":14,"ty":"sh","ix":15,"ks":{"a":0,"k":{"i":[[-2.131,-1.163],[2.594,0],[2.131,1.163],[-2.594,0]],"o":[[-2.131,1.163],[-2.594,0],[2.131,-1.163],[2.594,0]],"v":[[-147.591,-255.687],[-154.758,-253.862],[-161.925,-255.687],[-154.758,-257.513]],"c":true},"ix":2},"nm":"Path 15","mn":"ADBE Vector Shape - Group","hd":false},{"ind":15,"ty":"sh","ix":16,"ks":{"a":0,"k":{"i":[[0,5.279],[-4.132,2.676],[-2.969,0],[-2.386,1.414],[0,-5.279],[4.132,-2.676],[2.969,0],[2.386,-1.414]],"o":[[0,-5.279],[2.386,1.414],[2.969,0],[4.132,2.676],[0,5.279],[-2.386,-1.414],[-2.969,0],[-4.132,-2.676]],"v":[[-169.764,-268.867],[-162.886,-281.463],[-154.758,-279.222],[-146.631,-281.463],[-139.752,-268.867],[-146.631,-256.272],[-154.758,-258.513],[-162.886,-256.272]],"c":true},"ix":2},"nm":"Path 16","mn":"ADBE Vector Shape - Group","hd":false},{"ind":16,"ty":"sh","ix":17,"ks":{"a":0,"k":{"i":[[-2.131,-1.163],[2.594,0],[2.131,1.163],[-2.594,0]],"o":[[-2.131,1.163],[-2.594,0],[2.131,-1.163],[2.594,0]],"v":[[-147.591,-282.048],[-154.758,-280.222],[-161.925,-282.048],[-154.758,-283.873]],"c":true},"ix":2},"nm":"Path 17","mn":"ADBE Vector Shape - Group","hd":false},{"ind":17,"ty":"sh","ix":18,"ks":{"a":0,"k":{"i":[[0,5.279],[-4.132,2.676],[-2.969,0],[-2.386,1.414],[0,-5.279],[4.132,-2.676],[2.969,0],[2.386,-1.414]],"o":[[0,-5.279],[2.386,1.414],[2.969,0],[4.132,2.676],[0,5.279],[-2.386,-1.414],[-2.969,0],[-4.132,-2.676]],"v":[[-169.764,-295.228],[-162.886,-307.824],[-154.758,-305.582],[-146.63,-307.824],[-139.752,-295.228],[-146.631,-282.632],[-154.758,-284.873],[-162.886,-282.632]],"c":true},"ix":2},"nm":"Path 18","mn":"ADBE Vector Shape - Group","hd":false},{"ind":18,"ty":"sh","ix":19,"ks":{"a":0,"k":{"i":[[-2.131,-1.164],[2.594,0],[2.131,1.164],[-2.594,0]],"o":[[-2.131,1.164],[-2.594,0],[2.131,-1.164],[2.594,0]],"v":[[-147.591,-308.409],[-154.758,-306.582],[-161.925,-308.409],[-154.758,-310.235]],"c":true},"ix":2},"nm":"Path 19","mn":"ADBE Vector Shape - Group","hd":false},{"ind":19,"ty":"sh","ix":20,"ks":{"a":0,"k":{"i":[[0,5.279],[-4.132,2.676],[-2.969,0],[-2.386,1.414],[0,-5.279],[4.132,-2.676],[2.969,0],[2.386,-1.414]],"o":[[0,-5.279],[2.386,1.414],[2.969,0],[4.132,2.676],[0,5.279],[-2.386,-1.414],[-2.969,0],[-4.132,-2.676]],"v":[[-169.764,-321.589],[-162.886,-334.185],[-154.758,-331.944],[-146.631,-334.185],[-139.752,-321.589],[-146.63,-308.993],[-154.758,-311.235],[-162.886,-308.993]],"c":true},"ix":2},"nm":"Path 20","mn":"ADBE Vector Shape - Group","hd":false},{"ind":20,"ty":"sh","ix":21,"ks":{"a":0,"k":{"i":[[-2.131,-1.163],[2.594,0],[2.131,1.163],[-2.594,0]],"o":[[-2.131,1.163],[-2.594,0],[2.131,-1.163],[2.594,0]],"v":[[-147.591,-334.769],[-154.758,-332.944],[-161.925,-334.769],[-154.758,-336.595]],"c":true},"ix":2},"nm":"Path 21","mn":"ADBE Vector Shape - Group","hd":false},{"ind":21,"ty":"sh","ix":22,"ks":{"a":0,"k":{"i":[[0,5.279],[-8.274,0],[0,-8.274],[4.132,-2.676],[2.969,0],[2.386,-1.414]],"o":[[0,-8.274],[8.274,0],[0,5.279],[-2.386,-1.414],[-2.969,0],[-4.132,-2.676]],"v":[[-169.764,-347.95],[-154.758,-362.955],[-139.752,-347.95],[-146.631,-335.354],[-154.758,-337.595],[-162.886,-335.354]],"c":true},"ix":2},"nm":"Path 22","mn":"ADBE Vector Shape - Group","hd":false},{"ind":22,"ty":"sh","ix":23,"ks":{"a":0,"k":{"i":[[-3.275,0],[-2.539,1.695],[0,-8.529],[2.775,-3.586],[0,0],[0,4.875],[-7.277,3.365]],"o":[[3.275,0],[7.277,3.365],[0,4.875],[0,0],[-2.775,-3.586],[0,-8.529],[2.539,1.695]],"v":[[-154.758,-41.976],[-145.898,-44.663],[-133.549,-25.418],[-137.994,-12.475],[-171.522,-12.475],[-175.967,-25.418],[-163.618,-44.663]],"c":true},"ix":2},"nm":"Path 23","mn":"ADBE Vector Shape - Group","hd":false},{"ind":23,"ty":"sh","ix":24,"ks":{"a":0,"k":{"i":[[-2.731,0],[-2.4,-0.944],[2.831,0],[2.262,1.368]],"o":[[2.731,0],[-2.262,1.368],[-2.831,0],[2.4,-0.944]],"v":[[-154.758,-46.627],[-147.024,-45.146],[-154.758,-42.976],[-162.492,-45.146]],"c":true},"ix":2},"nm":"Path 24","mn":"ADBE Vector Shape - Group","hd":false},{"ind":24,"ty":"sh","ix":25,"ks":{"a":0,"k":{"i":[[-2.969,0],[-2.386,1.414],[0,-5.279],[3.776,-2.728],[3.11,0],[2.689,-1.159],[0,5.003],[-4.132,2.676]],"o":[[2.969,0],[4.132,2.676],[0,5.003],[-2.689,-1.159],[-3.11,0],[-3.776,-2.728],[0,-5.279],[2.386,1.414]],"v":[[-154.758,-68.336],[-146.63,-70.578],[-139.752,-57.982],[-145.998,-45.823],[-154.758,-47.627],[-163.518,-45.823],[-169.764,-57.982],[-162.886,-70.578]],"c":true},"ix":2},"nm":"Path 25","mn":"ADBE Vector Shape - Group","hd":false},{"ind":25,"ty":"sh","ix":26,"ks":{"a":0,"k":{"i":[[2.386,-1.415],[1.091,1.502],[-6.349,0],[-2.101,-0.171],[2.203,-1.426],[2.969,0]],"o":[[-1.561,-1.011],[6.216,-1.466],[2.319,0],[-1.207,2.345],[-2.386,-1.415],[-2.969,0]],"v":[[-162.886,-71.747],[-166.895,-75.554],[-148.041,-77.766],[-141.417,-77.503],[-146.63,-71.747],[-154.758,-73.989]],"c":true},"ix":2},"nm":"Path 26","mn":"ADBE Vector Shape - Group","hd":false},{"ind":26,"ty":"sh","ix":27,"ks":{"a":0,"k":{"i":[[-2.594,0],[-2.131,-1.164],[2.594,0],[2.131,1.163]],"o":[[2.594,0],[-2.131,1.163],[-2.594,0],[2.131,-1.164]],"v":[[-154.758,-72.989],[-147.591,-71.162],[-154.758,-69.336],[-161.925,-71.162]],"c":true},"ix":2},"nm":"Path 27","mn":"ADBE Vector Shape - Group","hd":false},{"ind":27,"ty":"sh","ix":28,"ks":{"a":0,"k":{"i":[[-1.178,-8.92],[0,0],[0,-1.467],[0,0],[0,0],[0,-0.472],[0,0],[-1.1,0],[0,0],[0,-0.329],[0,0],[0,0],[0,4.827],[7.349,3.625],[0,5.137],[4.19,2.89],[-1.216,2.515]],"o":[[0,0],[-1.467,0],[0,0],[0,0],[-0.276,0.343],[0,0],[0,1.1],[0,0],[-0.056,0.313],[0,0],[0,0],[2.626,-3.647],[0,-8.734],[3.774,-2.931],[0,-5.463],[2.282,-1.574],[32.815,3.153]],"v":[[-100.134,-42.061],[-106.804,-42.061],[-109.471,-39.395],[-109.471,-28.826],[-105.903,-28.826],[-106.351,-27.583],[-106.351,-27.045],[-104.351,-25.045],[-102.29,-25.045],[-102.381,-24.083],[-102.381,-12.475],[-136.727,-12.475],[-132.549,-25.418],[-144.968,-45.347],[-138.752,-57.982],[-145.696,-71.162],[-140.355,-77.405]],"c":true},"ix":2},"nm":"Path 28","mn":"ADBE Vector Shape - Group","hd":false},{"ind":28,"ty":"sh","ix":29,"ks":{"a":0,"k":{"i":[[0.056,0.313],[0,0],[0,1.1],[0,0],[0.276,0.343],[0,0],[0,0],[1.467,0],[0,0],[-3.759,6.21],[-16.105,1.515],[-2.283,-1.575],[0,-5.463],[-3.774,-2.931],[0,-8.734],[-2.626,-3.647],[0,0],[0,0]],"o":[[0,0],[1.1,0],[0,0],[0,-0.472],[0,0],[0,0],[0,-1.467],[0,0],[0.508,-3.685],[6.837,-11.297],[1.216,2.517],[-4.19,2.89],[0,5.137],[-7.349,3.625],[0,4.827],[0,0],[0,0],[0,-0.329]],"v":[[102.29,-25.045],[104.351,-25.045],[106.351,-27.045],[106.351,-27.583],[105.903,-28.826],[109.471,-28.826],[109.471,-39.395],[106.804,-42.061],[100.157,-42.061],[105.803,-58.141],[140.353,-77.41],[145.696,-71.162],[138.752,-57.982],[144.968,-45.347],[132.549,-25.418],[136.727,-12.475],[102.381,-12.475],[102.381,-24.083]],"c":true},"ix":2},"nm":"Path 29","mn":"ADBE Vector Shape - Group","hd":false},{"ind":29,"ty":"sh","ix":30,"ks":{"a":0,"k":{"i":[[2.969,0],[2.386,-1.415],[1.207,2.344],[-2.287,0],[-6.215,-1.471],[1.559,-1.009]],"o":[[-2.969,0],[-2.202,-1.426],[2.134,-0.17],[6.347,0],[-1.09,1.499],[-2.386,-1.415]],"v":[[154.758,-73.989],[146.63,-71.747],[141.419,-77.499],[148.04,-77.766],[166.89,-75.546],[162.886,-71.747]],"c":true},"ix":2},"nm":"Path 30","mn":"ADBE Vector Shape - Group","hd":false},{"ind":30,"ty":"sh","ix":31,"ks":{"a":0,"k":{"i":[[2.594,0],[2.131,1.163],[-2.594,0],[-2.131,-1.164]],"o":[[-2.594,0],[2.131,-1.164],[2.594,0],[-2.131,1.163]],"v":[[154.758,-69.336],[147.591,-71.162],[154.758,-72.989],[161.925,-71.162]],"c":true},"ix":2},"nm":"Path 31","mn":"ADBE Vector Shape - Group","hd":false},{"ind":31,"ty":"sh","ix":32,"ks":{"a":0,"k":{"i":[[3.11,0],[2.689,-1.159],[0,5.003],[-4.132,2.676],[-2.969,0],[-2.386,1.414],[0,-5.279],[3.776,-2.728]],"o":[[-3.11,0],[-3.776,-2.728],[0,-5.279],[2.386,1.414],[2.969,0],[4.132,2.676],[0,5.003],[-2.689,-1.159]],"v":[[154.758,-47.627],[145.998,-45.823],[139.752,-57.982],[146.63,-70.578],[154.758,-68.336],[162.886,-70.578],[169.764,-57.982],[163.518,-45.823]],"c":true},"ix":2},"nm":"Path 32","mn":"ADBE Vector Shape - Group","hd":false},{"ind":32,"ty":"sh","ix":33,"ks":{"a":0,"k":{"i":[[2.831,0],[2.262,1.368],[-2.731,0],[-2.4,-0.944]],"o":[[-2.831,0],[2.4,-0.944],[2.731,0],[-2.262,1.368]],"v":[[154.758,-42.976],[147.025,-45.146],[154.758,-46.627],[162.492,-45.146]],"c":true},"ix":2},"nm":"Path 33","mn":"ADBE Vector Shape - Group","hd":false},{"ind":33,"ty":"sh","ix":34,"ks":{"a":0,"k":{"i":[[0,0],[0,4.875],[-7.277,3.365],[-3.275,0],[-2.539,1.695],[0,-8.529],[2.775,-3.586]],"o":[[-2.775,-3.586],[0,-8.529],[2.539,1.695],[3.275,0],[7.277,3.365],[0,4.875],[0,0]],"v":[[137.994,-12.475],[133.549,-25.418],[145.898,-44.663],[154.758,-41.976],[163.618,-44.663],[175.967,-25.418],[171.522,-12.475]],"c":true},"ix":2},"nm":"Path 34","mn":"ADBE Vector Shape - Group","hd":false},{"ind":34,"ty":"sh","ix":35,"ks":{"a":0,"k":{"i":[[-3.855,2.496],[-2.969,0],[-2.386,1.415],[0,-5.279],[0.031,-0.393],[7.324,0],[2.604,-0.24]],"o":[[2.386,1.415],[2.969,0],[4.132,2.676],[0,0.4],[-7.115,-1.737],[-2.894,0],[0.338,-4.84]],"v":[[146.63,-96.938],[154.758,-94.697],[162.886,-96.938],[169.764,-84.342],[169.704,-83.156],[148.04,-85.766],[139.805,-85.392]],"c":true},"ix":2},"nm":"Path 35","mn":"ADBE Vector Shape - Group","hd":false},{"ind":35,"ty":"sh","ix":36,"ks":{"a":0,"k":{"i":[[-2.131,-1.164],[2.594,0],[2.131,1.164],[-2.594,0]],"o":[[-2.131,1.164],[-2.594,0],[2.131,-1.164],[2.594,0]],"v":[[161.925,-97.523],[154.758,-95.697],[147.591,-97.523],[154.758,-99.349]],"c":true},"ix":2},"nm":"Path 36","mn":"ADBE Vector Shape - Group","hd":false},{"ind":36,"ty":"sh","ix":37,"ks":{"a":0,"k":{"i":[[0,5.279],[-4.132,2.676],[-2.969,0],[-2.386,1.414],[0,-5.279],[4.132,-2.676],[2.969,0],[2.386,-1.415]],"o":[[0,-5.279],[2.386,1.414],[2.969,0],[4.132,2.676],[0,5.279],[-2.386,-1.415],[-2.969,0],[-4.132,-2.676]],"v":[[139.752,-110.703],[146.631,-123.299],[154.758,-121.058],[162.886,-123.299],[169.764,-110.703],[162.886,-98.107],[154.758,-100.349],[146.63,-98.107]],"c":true},"ix":2},"nm":"Path 37","mn":"ADBE Vector Shape - Group","hd":false},{"ind":37,"ty":"sh","ix":38,"ks":{"a":0,"k":{"i":[[-2.131,-1.163],[2.594,0],[2.131,1.163],[-2.594,0]],"o":[[-2.131,1.163],[-2.594,0],[2.131,-1.163],[2.594,0]],"v":[[161.925,-123.884],[154.758,-122.058],[147.592,-123.884],[154.758,-125.709]],"c":true},"ix":2},"nm":"Path 38","mn":"ADBE Vector Shape - Group","hd":false},{"ind":38,"ty":"sh","ix":39,"ks":{"a":0,"k":{"i":[[0,5.279],[-4.132,2.676],[-2.969,0],[-2.386,1.415],[0,-5.279],[4.132,-2.676],[2.969,0],[2.386,-1.414]],"o":[[0,-5.279],[2.386,1.415],[2.969,0],[4.132,2.676],[0,5.279],[-2.386,-1.414],[-2.969,0],[-4.132,-2.676]],"v":[[139.752,-137.064],[146.63,-149.66],[154.758,-147.418],[162.886,-149.66],[169.764,-137.064],[162.886,-124.468],[154.758,-126.709],[146.631,-124.468]],"c":true},"ix":2},"nm":"Path 39","mn":"ADBE Vector Shape - Group","hd":false},{"ind":39,"ty":"sh","ix":40,"ks":{"a":0,"k":{"i":[[-2.131,-1.164],[2.594,0],[2.131,1.164],[-2.594,0]],"o":[[-2.131,1.164],[-2.594,0],[2.131,-1.164],[2.594,0]],"v":[[161.925,-150.244],[154.758,-148.418],[147.591,-150.244],[154.758,-152.071]],"c":true},"ix":2},"nm":"Path 40","mn":"ADBE Vector Shape - Group","hd":false},{"ind":40,"ty":"sh","ix":41,"ks":{"a":0,"k":{"i":[[0,5.279],[-4.132,2.676],[-2.969,0],[-2.386,1.415],[0,-5.279],[4.132,-2.676],[2.969,0],[2.386,-1.415]],"o":[[0,-5.279],[2.386,1.415],[2.969,0],[4.132,2.676],[0,5.279],[-2.386,-1.415],[-2.969,0],[-4.132,-2.676]],"v":[[139.752,-163.425],[146.63,-176.02],[154.758,-173.779],[162.886,-176.02],[169.764,-163.425],[162.886,-150.829],[154.758,-153.071],[146.63,-150.829]],"c":true},"ix":2},"nm":"Path 41","mn":"ADBE Vector Shape - Group","hd":false},{"ind":41,"ty":"sh","ix":42,"ks":{"a":0,"k":{"i":[[-2.131,-1.163],[2.594,0],[2.131,1.164],[-2.594,0]],"o":[[-2.131,1.164],[-2.594,0],[2.131,-1.163],[2.594,0]],"v":[[161.925,-176.605],[154.758,-174.779],[147.591,-176.605],[154.758,-178.431]],"c":true},"ix":2},"nm":"Path 42","mn":"ADBE Vector Shape - Group","hd":false},{"ind":42,"ty":"sh","ix":43,"ks":{"a":0,"k":{"i":[[0,5.279],[-4.132,2.676],[-2.969,0],[-2.386,1.414],[0,-5.279],[4.132,-2.676],[2.969,0],[2.386,-1.414]],"o":[[0,-5.279],[2.386,1.414],[2.969,0],[4.132,2.676],[0,5.279],[-2.386,-1.414],[-2.969,0],[-4.132,-2.676]],"v":[[139.752,-189.785],[146.631,-202.381],[154.758,-200.14],[162.886,-202.381],[169.764,-189.785],[162.886,-177.189],[154.758,-179.431],[146.63,-177.189]],"c":true},"ix":2},"nm":"Path 43","mn":"ADBE Vector Shape - Group","hd":false},{"ind":43,"ty":"sh","ix":44,"ks":{"a":0,"k":{"i":[[-2.131,-1.163],[2.594,0],[2.131,1.163],[-2.594,0]],"o":[[-2.131,1.163],[-2.594,0],[2.131,-1.163],[2.594,0]],"v":[[161.925,-202.966],[154.758,-201.14],[147.592,-202.966],[154.758,-204.791]],"c":true},"ix":2},"nm":"Path 44","mn":"ADBE Vector Shape - Group","hd":false},{"ind":44,"ty":"sh","ix":45,"ks":{"a":0,"k":{"i":[[0,5.279],[-4.132,2.676],[-2.969,0],[-2.386,1.414],[0,-5.279],[4.132,-2.676],[2.969,0],[2.386,-1.414]],"o":[[0,-5.279],[2.386,1.414],[2.969,0],[4.132,2.676],[0,5.279],[-2.386,-1.414],[-2.969,0],[-4.132,-2.676]],"v":[[139.752,-216.146],[146.63,-228.742],[154.758,-226.5],[162.886,-228.742],[169.764,-216.146],[162.886,-203.55],[154.758,-205.791],[146.631,-203.55]],"c":true},"ix":2},"nm":"Path 45","mn":"ADBE Vector Shape - Group","hd":false},{"ind":45,"ty":"sh","ix":46,"ks":{"a":0,"k":{"i":[[-2.131,-1.164],[2.594,0],[2.131,1.164],[-2.594,0]],"o":[[-2.131,1.164],[-2.594,0],[2.131,-1.164],[2.594,0]],"v":[[161.925,-229.326],[154.758,-227.5],[147.591,-229.326],[154.758,-231.153]],"c":true},"ix":2},"nm":"Path 46","mn":"ADBE Vector Shape - Group","hd":false},{"ind":46,"ty":"sh","ix":47,"ks":{"a":0,"k":{"i":[[0,5.279],[-4.132,2.676],[-2.969,0],[-2.386,1.414],[0,-5.279],[4.132,-2.676],[2.969,0],[2.386,-1.414]],"o":[[0,-5.279],[2.386,1.414],[2.969,0],[4.132,2.676],[0,5.279],[-2.386,-1.414],[-2.969,0],[-4.132,-2.676]],"v":[[139.752,-242.507],[146.631,-255.103],[154.758,-252.862],[162.886,-255.103],[169.764,-242.507],[162.886,-229.911],[154.758,-232.153],[146.63,-229.911]],"c":true},"ix":2},"nm":"Path 47","mn":"ADBE Vector Shape - Group","hd":false},{"ind":47,"ty":"sh","ix":48,"ks":{"a":0,"k":{"i":[[-2.131,-1.163],[2.594,0],[2.131,1.163],[-2.594,0]],"o":[[-2.131,1.163],[-2.594,0],[2.131,-1.163],[2.594,0]],"v":[[161.925,-255.687],[154.758,-253.862],[147.592,-255.687],[154.758,-257.513]],"c":true},"ix":2},"nm":"Path 48","mn":"ADBE Vector Shape - Group","hd":false},{"ind":48,"ty":"sh","ix":49,"ks":{"a":0,"k":{"i":[[0,5.279],[-4.132,2.676],[-2.969,0],[-2.386,1.414],[0,-5.279],[4.132,-2.676],[2.969,0],[2.386,-1.414]],"o":[[0,-5.279],[2.386,1.414],[2.969,0],[4.132,2.676],[0,5.279],[-2.386,-1.414],[-2.969,0],[-4.132,-2.676]],"v":[[139.752,-268.867],[146.631,-281.463],[154.758,-279.222],[162.886,-281.463],[169.764,-268.867],[162.886,-256.272],[154.758,-258.513],[146.631,-256.272]],"c":true},"ix":2},"nm":"Path 49","mn":"ADBE Vector Shape - Group","hd":false},{"ind":49,"ty":"sh","ix":50,"ks":{"a":0,"k":{"i":[[-2.131,-1.163],[2.594,0],[2.131,1.163],[-2.594,0]],"o":[[-2.131,1.163],[-2.594,0],[2.131,-1.163],[2.594,0]],"v":[[161.925,-282.048],[154.758,-280.222],[147.592,-282.048],[154.758,-283.873]],"c":true},"ix":2},"nm":"Path 50","mn":"ADBE Vector Shape - Group","hd":false},{"ind":50,"ty":"sh","ix":51,"ks":{"a":0,"k":{"i":[[0,5.279],[-4.132,2.676],[-2.969,0],[-2.386,1.414],[0,-5.279],[4.132,-2.676],[2.969,0],[2.386,-1.414]],"o":[[0,-5.279],[2.386,1.414],[2.969,0],[4.132,2.676],[0,5.279],[-2.386,-1.414],[-2.969,0],[-4.132,-2.676]],"v":[[139.752,-295.228],[146.63,-307.824],[154.758,-305.582],[162.886,-307.824],[169.764,-295.228],[162.886,-282.632],[154.758,-284.873],[146.631,-282.632]],"c":true},"ix":2},"nm":"Path 51","mn":"ADBE Vector Shape - Group","hd":false},{"ind":51,"ty":"sh","ix":52,"ks":{"a":0,"k":{"i":[[-2.131,-1.164],[2.594,0],[2.131,1.164],[-2.594,0]],"o":[[-2.131,1.164],[-2.594,0],[2.131,-1.164],[2.594,0]],"v":[[161.925,-308.409],[154.758,-306.582],[147.591,-308.409],[154.758,-310.235]],"c":true},"ix":2},"nm":"Path 52","mn":"ADBE Vector Shape - Group","hd":false},{"ind":52,"ty":"sh","ix":53,"ks":{"a":0,"k":{"i":[[0,5.279],[-4.132,2.676],[-2.969,0],[-2.386,1.414],[0,-5.279],[4.132,-2.676],[2.969,0],[2.386,-1.414]],"o":[[0,-5.279],[2.386,1.414],[2.969,0],[4.132,2.676],[0,5.279],[-2.386,-1.414],[-2.969,0],[-4.132,-2.676]],"v":[[139.752,-321.589],[146.631,-334.185],[154.758,-331.944],[162.886,-334.185],[169.764,-321.589],[162.886,-308.993],[154.758,-311.235],[146.63,-308.993]],"c":true},"ix":2},"nm":"Path 53","mn":"ADBE Vector Shape - Group","hd":false},{"ind":53,"ty":"sh","ix":54,"ks":{"a":0,"k":{"i":[[-2.131,-1.163],[2.594,0],[2.131,1.163],[-2.594,0]],"o":[[-2.131,1.163],[-2.594,0],[2.131,-1.163],[2.594,0]],"v":[[161.925,-334.769],[154.758,-332.944],[147.592,-334.769],[154.758,-336.595]],"c":true},"ix":2},"nm":"Path 54","mn":"ADBE Vector Shape - Group","hd":false},{"ind":54,"ty":"sh","ix":55,"ks":{"a":0,"k":{"i":[[0,5.279],[-8.274,0],[0,-8.274],[4.132,-2.676],[2.969,0],[2.386,-1.414]],"o":[[0,-8.274],[8.274,0],[0,5.279],[-2.386,-1.414],[-2.969,0],[-4.132,-2.676]],"v":[[139.752,-347.95],[154.758,-362.955],[169.764,-347.95],[162.886,-335.354],[154.758,-337.595],[146.631,-335.354]],"c":true},"ix":2},"nm":"Path 55","mn":"ADBE Vector Shape - Group","hd":false},{"ind":55,"ty":"sh","ix":56,"ks":{"a":0,"k":{"i":[[0,0],[33.116,84.713],[23.016,24.716],[20.768,5.31],[0,0.486],[4.19,2.89],[0,5.463],[4.19,2.889],[0,5.463],[4.19,2.89],[0,5.463],[4.19,2.89],[0,5.463],[4.19,2.889],[0,5.463],[4.19,2.89],[0,5.463],[4.19,2.889],[0,5.463],[4.19,2.889],[0,5.463],[4.19,2.89],[0,5.463],[4.19,2.889],[0,5.463],[8.826,0],[0,-8.825],[-4.19,-2.889],[0,-5.463],[-4.19,-2.89],[0,-5.463],[-4.19,-2.889],[0,-5.463],[-4.19,-2.889],[0,-5.463],[-4.19,-2.89],[0,-5.463],[-4.19,-2.889],[0,-5.463],[-4.19,-2.89],[0,-5.463],[-4.19,-2.89],[0,-5.463],[-4.19,-2.889],[0,-5.463],[-4.19,-2.89],[0.301,-5.068],[1.248,-10.059],[0,0],[0,-1.467],[0,0],[0,0],[0,-0.472],[0,0],[-1.1,0],[0,0],[0,-0.329],[0,0],[0,0],[0,1.263],[0,0],[3.3,0],[0,0],[0,-3.3],[0,0],[-0.673,-0.969],[0,0],[0,0],[0.056,0.313],[0,0],[0,1.1],[0,0],[0.276,0.343],[0,0],[0,0],[1.467,0],[0,0],[38.474,4.036],[3.943,2.719],[0,5.463],[4.19,2.889],[0,5.463],[4.19,2.89],[0,5.463],[4.19,2.89],[0,5.463],[4.19,2.889],[0,5.463],[4.19,2.89],[0,5.463],[4.19,2.889],[0,5.463],[4.19,2.889],[0,5.463],[4.19,2.89],[0,5.463],[4.19,2.889],[0,5.463],[8.826,0],[0,-8.825],[-4.19,-2.889],[0,-5.463],[-4.19,-2.89],[0,-5.463],[-4.19,-2.889],[0,-5.463],[-4.19,-2.889],[0,-5.463],[-4.19,-2.89],[0,-5.463],[-4.19,-2.889],[0,-5.463],[-4.19,-2.89],[0,-5.463],[-4.19,-2.89],[0,-5.463],[-4.19,-2.889],[0,-5.463],[-4.19,-2.89],[0,-5.463],[-0.042,-0.471],[0,-203.289],[0,0],[-7.171,47.201],[-170.68,0],[-8.389,65.797],[0,-50.407]],"o":[[0,-110.07],[-17.436,-44.603],[-18.566,-19.938],[0.043,-0.475],[0,-5.463],[4.19,-2.89],[0,-5.463],[4.19,-2.889],[0,-5.463],[4.19,-2.89],[0,-5.463],[4.19,-2.89],[0,-5.463],[4.19,-2.889],[0,-5.463],[4.19,-2.89],[0,-5.463],[4.19,-2.889],[0,-5.463],[4.19,-2.889],[0,-5.463],[4.19,-2.89],[0,-5.463],[4.19,-2.889],[0,-8.825],[-8.826,0],[0,5.463],[-4.19,2.889],[0,5.463],[-4.19,2.89],[0,5.463],[-4.19,2.889],[0,5.463],[-4.19,2.889],[0,5.463],[-4.19,2.89],[0,5.463],[-4.19,2.889],[0,5.463],[-4.19,2.89],[0,5.463],[-4.19,2.89],[0,5.463],[-4.19,2.889],[0,5.463],[-3.943,2.719],[-38.474,4.036],[0,0],[-1.467,0],[0,0],[0,0],[-0.276,0.343],[0,0],[0,1.1],[0,0],[-0.056,0.313],[0,0],[0,0],[0.673,-0.969],[0,0],[0,-3.3],[0,0],[-3.3,0],[0,0],[0,1.263],[0,0],[0,0],[0,-0.329],[0,0],[1.1,0],[0,0],[0,-0.472],[0,0],[0,0],[0,-1.467],[0,0],[-1.248,-10.059],[-0.301,-5.068],[4.19,-2.89],[0,-5.463],[4.19,-2.889],[0,-5.463],[4.19,-2.89],[0,-5.463],[4.19,-2.89],[0,-5.463],[4.19,-2.889],[0,-5.463],[4.19,-2.89],[0,-5.463],[4.19,-2.889],[0,-5.463],[4.19,-2.889],[0,-5.463],[4.19,-2.89],[0,-5.463],[4.19,-2.889],[0,-8.825],[-8.826,0],[0,5.463],[-4.19,2.889],[0,5.463],[-4.19,2.89],[0,5.463],[-4.19,2.889],[0,5.463],[-4.19,2.889],[0,5.463],[-4.19,2.89],[0,5.463],[-4.19,2.889],[0,5.463],[-4.19,2.89],[0,5.463],[-4.19,2.89],[0,5.463],[-4.19,2.889],[0,5.463],[-4.19,2.89],[0,0.482],[-106.995,27.255],[0,0],[0,-49.251],[12.798,64.173],[173.719,0],[7.547,48.267],[0,0]],"v":[[342.917,366],[290.808,59.503],[229.846,-44.963],[170.691,-82.901],[170.764,-84.342],[163.82,-97.523],[170.764,-110.703],[163.819,-123.884],[170.764,-137.064],[163.82,-150.244],[170.764,-163.425],[163.82,-176.605],[170.764,-189.785],[163.819,-202.966],[170.764,-216.146],[163.82,-229.326],[170.764,-242.507],[163.819,-255.687],[170.764,-268.867],[163.819,-282.048],[170.764,-295.228],[163.82,-308.409],[170.764,-321.589],[163.819,-334.769],[170.764,-347.95],[154.758,-363.955],[138.752,-347.95],[145.697,-334.769],[138.752,-321.589],[145.696,-308.409],[138.752,-295.228],[145.697,-282.048],[138.752,-268.867],[145.697,-255.687],[138.752,-242.507],[145.696,-229.326],[138.752,-216.146],[145.697,-202.966],[138.752,-189.785],[145.696,-176.605],[138.752,-163.425],[145.696,-150.244],[138.752,-137.064],[145.697,-123.884],[138.752,-110.703],[145.696,-97.523],[138.8,-85.295],[92.132,-42.061],[84.911,-42.061],[82.245,-39.395],[82.245,-28.826],[86.38,-28.826],[85.932,-27.583],[85.932,-27.045],[87.932,-25.045],[89.992,-25.045],[89.902,-24.083],[89.902,-12.475],[52.485,-12.475],[53.556,-15.88],[53.556,-29.417],[47.556,-35.417],[-47.556,-35.417],[-53.556,-29.417],[-53.556,-15.88],[-52.485,-12.475],[-89.902,-12.475],[-89.902,-24.083],[-89.992,-25.045],[-87.932,-25.045],[-85.932,-27.045],[-85.932,-27.583],[-86.38,-28.826],[-82.245,-28.826],[-82.245,-39.395],[-84.911,-42.061],[-92.131,-42.061],[-138.8,-85.295],[-145.696,-97.523],[-138.752,-110.703],[-145.697,-123.884],[-138.752,-137.064],[-145.696,-150.244],[-138.752,-163.425],[-145.696,-176.605],[-138.752,-189.785],[-145.697,-202.966],[-138.752,-216.146],[-145.696,-229.326],[-138.752,-242.507],[-145.697,-255.687],[-138.752,-268.867],[-145.697,-282.048],[-138.752,-295.228],[-145.696,-308.409],[-138.752,-321.589],[-145.697,-334.769],[-138.752,-347.95],[-154.758,-363.955],[-170.764,-347.95],[-163.819,-334.769],[-170.764,-321.589],[-163.82,-308.409],[-170.764,-295.228],[-163.819,-282.048],[-170.764,-268.867],[-163.819,-255.687],[-170.764,-242.507],[-163.82,-229.326],[-170.764,-216.146],[-163.819,-202.966],[-170.764,-189.785],[-163.82,-176.605],[-170.764,-163.425],[-163.82,-150.244],[-170.764,-137.064],[-163.819,-123.884],[-170.764,-110.703],[-163.82,-97.523],[-170.764,-84.342],[-170.692,-82.915],[-342.917,366],[-334.917,366],[-323.929,220.037],[-0.567,334.753],[323.352,216.596],[334.917,366]],"c":true},"ix":2},"nm":"Path 56","mn":"ADBE Vector Shape - Group","hd":false},{"ty":"fl","c":{"a":0,"k":[0.9,0.9,0.9,1],"ix":4},"o":{"a":0,"k":100,"ix":5},"r":1,"bm":0,"nm":"Fill 1","mn":"ADBE Vector Graphic - Fill","hd":false},{"ty":"tr","p":{"a":0,"k":[0,0],"ix":2},"a":{"a":0,"k":[0,0],"ix":1},"s":{"a":0,"k":[100,100],"ix":3},"r":{"a":0,"k":0,"ix":6},"o":{"a":0,"k":100,"ix":7},"sk":{"a":0,"k":0,"ix":4},"sa":{"a":0,"k":0,"ix":5},"nm":"Transform"}],"nm":"Group 1","np":57,"cix":2,"bm":0,"ix":1,"mn":"ADBE Vector Group","hd":false},{"ty":"gr","it":[{"ind":0,"ty":"sh","ix":1,"ks":{"a":0,"k":{"i":[[-48.075,-15.425],[0,-1.31],[0,0],[-3.3,0],[0,0],[0,3.3],[0,0],[0.72,0.99],[0,53.199],[65.932,0],[0,-65.932]],"o":[[-0.72,0.99],[0,0],[0,3.3],[0,0],[3.3,0],[0,0],[0,-1.31],[48.075,-15.425],[0,-65.932],[-65.932,0],[0,53.199]],"v":[[-36.505,-53.449],[-37.655,-49.938],[-37.655,-41.584],[-31.655,-35.584],[31.655,-35.584],[37.655,-41.584],[37.655,-49.938],[36.505,-53.449],[119.381,-167.137],[0,-286.518],[-119.381,-167.137]],"c":true},"ix":2},"nm":"Path 1","mn":"ADBE Vector Shape - Group","hd":false},{"ty":"fl","c":{"a":0,"k":[0.9,0.9,0.9,1],"ix":4},"o":{"a":0,"k":100,"ix":5},"r":1,"bm":0,"nm":"Fill 1","mn":"ADBE Vector Graphic - Fill","hd":false},{"ty":"tr","p":{"a":0,"k":[0,0],"ix":2},"a":{"a":0,"k":[0,0],"ix":1},"s":{"a":0,"k":[100,100],"ix":3},"r":{"a":0,"k":0,"ix":6},"o":{"a":0,"k":100,"ix":7},"sk":{"a":0,"k":0,"ix":4},"sa":{"a":0,"k":0,"ix":5},"nm":"Transform"}],"nm":"Group 2","np":2,"cix":2,"bm":0,"ix":2,"mn":"ADBE Vector Group","hd":false},{"ty":"tr","p":{"a":0,"k":[0,0],"ix":2},"a":{"a":0,"k":[0,0],"ix":1},"s":{"a":0,"k":[100,100],"ix":3},"r":{"a":0,"k":0,"ix":6},"o":{"a":0,"k":97,"ix":7},"sk":{"a":0,"k":0,"ix":4},"sa":{"a":0,"k":0,"ix":5},"nm":"Transform"}],"nm":"Group 2","np":2,"cix":2,"bm":0,"ix":2,"mn":"ADBE Vector Group","hd":false}],"ip":0,"op":361,"st":0,"bm":0},{"ddd":0,"ind":3,"ty":1,"nm":"White Solid 3","sr":1,"ks":{"o":{"a":0,"k":100,"ix":11},"r":{"a":0,"k":0,"ix":10},"p":{"a":0,"k":[360,360,0],"ix":2},"a":{"a":0,"k":[360,360,0],"ix":1},"s":{"a":0,"k":[100,100,100],"ix":6}},"ao":0,"sw":720,"sh":720,"sc":"#ffffff","ip":0,"op":361,"st":0,"bm":0}],"markers":[]}