{"v":"5.6.4","fr":24,"ip":0,"op":361,"w":720,"h":720,"nm":"startButton","ddd":0,"assets":[],"layers":[{"ddd":0,"ind":1,"ty":4,"nm":"START Outlines","parent":2,"sr":1,"ks":{"o":{"a":0,"k":100,"ix":11},"r":{"a":0,"k":0,"ix":10},"p":{"a":0,"k":[-63.24,298.908,0],"ix":2},"a":{"a":0,"k":[0,0,0],"ix":1},"s":{"a":0,"k":[100,100,100],"ix":6}},"ao":0,"shapes":[{"ty":"gr","it":[{"ind":0,"ty":"sh","ix":1,"ks":{"a":0,"k":{"i":[[-4.001,0],[0,3.925],[0,7.316],[-4.877,0],[-2.286,-1.486],[0,0],[3.01,0],[0,-3.925],[0,-7.316],[4.991,0],[1.905,1.867],[0,0]],"o":[[6.82,0],[0,-9.716],[0,-2.667],[2.362,0],[0,0],[-2.134,-1.486],[-6.782,0],[0,9.868],[0,2.629],[-3.505,0],[0,0],[1.981,2.058]],"v":[[11.697,0.229],[21.642,-7.049],[5.22,-19.661],[12.269,-24.5],[19.585,-22.29],[20.537,-24.538],[12.269,-26.9],[2.439,-19.585],[18.861,-6.897],[11.697,-2.172],[2.896,-5.411],[1.791,-3.239]],"c":true},"ix":2},"nm":"S","mn":"ADBE Vector Shape - Group","hd":false},{"ty":"st","c":{"a":0,"k":[0,0,0,1],"ix":3},"o":{"a":0,"k":100,"ix":4},"w":{"a":0,"k":2,"ix":5},"lc":1,"lj":1,"ml":4,"bm":0,"nm":"Stroke 1","mn":"ADBE Vector Graphic - Stroke","hd":true},{"ty":"fl","c":{"a":0,"k":[0.960784313725,0.980392156863,1,1],"ix":4},"o":{"a":0,"k":100,"ix":5},"r":1,"bm":0,"nm":"Fill 1","mn":"ADBE Vector Graphic - Fill","hd":false},{"ty":"tr","p":{"a":0,"k":[0,0],"ix":2},"a":{"a":0,"k":[0,0],"ix":1},"s":{"a":0,"k":[100,100],"ix":3},"r":{"a":0,"k":0,"ix":6},"o":{"a":0,"k":100,"ix":7},"sk":{"a":0,"k":0,"ix":4},"sa":{"a":0,"k":0,"ix":5},"nm":"Transform"}],"nm":"S","np":3,"cix":2,"bm":0,"ix":1,"mn":"ADBE Vector Group","hd":false},{"ty":"gr","it":[{"ind":0,"ty":"sh","ix":1,"ks":{"a":0,"k":{"i":[[0,0],[0,0],[0,0],[0,0],[0,0],[0,0],[0,0],[0,0]],"o":[[0,0],[0,0],[0,0],[0,0],[0,0],[0,0],[0,0],[0,0]],"v":[[33.172,0],[35.991,0],[35.991,-24.233],[45.365,-24.233],[45.365,-26.672],[23.799,-26.672],[23.799,-24.233],[33.172,-24.233]],"c":true},"ix":2},"nm":"T","mn":"ADBE Vector Shape - Group","hd":false},{"ty":"st","c":{"a":0,"k":[0,0,0,1],"ix":3},"o":{"a":0,"k":100,"ix":4},"w":{"a":0,"k":2,"ix":5},"lc":1,"lj":1,"ml":4,"bm":0,"nm":"Stroke 1","mn":"ADBE Vector Graphic - Stroke","hd":true},{"ty":"fl","c":{"a":0,"k":[0.960784313725,0.980392156863,1,1],"ix":4},"o":{"a":0,"k":100,"ix":5},"r":1,"bm":0,"nm":"Fill 1","mn":"ADBE Vector Graphic - Fill","hd":false},{"ty":"tr","p":{"a":0,"k":[0,0],"ix":2},"a":{"a":0,"k":[0,0],"ix":1},"s":{"a":0,"k":[100,100],"ix":3},"r":{"a":0,"k":0,"ix":6},"o":{"a":0,"k":100,"ix":7},"sk":{"a":0,"k":0,"ix":4},"sa":{"a":0,"k":0,"ix":5},"nm":"Transform"}],"nm":"T","np":3,"cix":2,"bm":0,"ix":2,"mn":"ADBE Vector Group","hd":false},{"ty":"gr","it":[{"ind":0,"ty":"sh","ix":1,"ks":{"a":0,"k":{"i":[[0,0],[0,0],[0,0],[0,0],[0,0],[0,0],[0,0],[0,0]],"o":[[0,0],[0,0],[0,0],[0,0],[0,0],[0,0],[0,0],[0,0]],"v":[[69.067,0],[72.039,0],[59.846,-26.672],[57.065,-26.672],[44.872,0],[47.806,0],[51.006,-7.125],[65.866,-7.125]],"c":true},"ix":2},"nm":"A","mn":"ADBE Vector Shape - Group","hd":false},{"ind":1,"ty":"sh","ix":2,"ks":{"a":0,"k":{"i":[[0,0],[0,0],[0,0]],"o":[[0,0],[0,0],[0,0]],"v":[[52.035,-9.411],[58.436,-23.738],[64.838,-9.411]],"c":true},"ix":2},"nm":"A","mn":"ADBE Vector Shape - Group","hd":false},{"ty":"mm","mm":1,"nm":"Merge Paths 1","mn":"ADBE Vector Filter - Merge","hd":false},{"ty":"st","c":{"a":0,"k":[0,0,0,1],"ix":3},"o":{"a":0,"k":100,"ix":4},"w":{"a":0,"k":2,"ix":5},"lc":1,"lj":1,"ml":4,"bm":0,"nm":"Stroke 1","mn":"ADBE Vector Graphic - Stroke","hd":true},{"ty":"fl","c":{"a":0,"k":[0.960784313725,0.980392156863,1,1],"ix":4},"o":{"a":0,"k":100,"ix":5},"r":1,"bm":0,"nm":"Fill 1","mn":"ADBE Vector Graphic - Fill","hd":false},{"ty":"tr","p":{"a":0,"k":[0,0],"ix":2},"a":{"a":0,"k":[0,0],"ix":1},"s":{"a":0,"k":[100,100],"ix":3},"r":{"a":0,"k":0,"ix":6},"o":{"a":0,"k":100,"ix":7},"sk":{"a":0,"k":0,"ix":4},"sa":{"a":0,"k":0,"ix":5},"nm":"Transform"}],"nm":"A","np":5,"cix":2,"bm":0,"ix":3,"mn":"ADBE Vector Group","hd":false},{"ty":"gr","it":[{"ind":0,"ty":"sh","ix":1,"ks":{"a":0,"k":{"i":[[0,0],[0,0],[0,4.191],[6.782,0],[0,0],[0,0],[0,0],[0,0],[0,0],[-0.686,0.076],[0,0]],"o":[[0,0],[3.886,-1.257],[0,-5.715],[0,0],[0,0],[0,0],[0,0],[0,0],[0.762,0],[0,0],[0,0]],"v":[[98.322,0],[91.807,-9.145],[97.903,-17.527],[87.006,-26.672],[77.023,-26.672],[77.023,0],[79.843,0],[79.843,-8.459],[87.006,-8.459],[89.14,-8.573],[95.236,0]],"c":true},"ix":2},"nm":"R","mn":"ADBE Vector Shape - Group","hd":false},{"ind":1,"ty":"sh","ix":2,"ks":{"a":0,"k":{"i":[[5.334,0],[0,0],[0,0],[0,0],[0,-4.267]],"o":[[0,0],[0,0],[0,0],[5.334,0],[0,4.191]],"v":[[86.93,-10.859],[79.843,-10.859],[79.843,-24.233],[86.93,-24.233],[95.084,-17.527]],"c":true},"ix":2},"nm":"R","mn":"ADBE Vector Shape - Group","hd":false},{"ty":"mm","mm":1,"nm":"Merge Paths 1","mn":"ADBE Vector Filter - Merge","hd":false},{"ty":"st","c":{"a":0,"k":[0,0,0,1],"ix":3},"o":{"a":0,"k":100,"ix":4},"w":{"a":0,"k":2,"ix":5},"lc":1,"lj":1,"ml":4,"bm":0,"nm":"Stroke 1","mn":"ADBE Vector Graphic - Stroke","hd":true},{"ty":"fl","c":{"a":0,"k":[0.960784313725,0.980392156863,1,1],"ix":4},"o":{"a":0,"k":100,"ix":5},"r":1,"bm":0,"nm":"Fill 1","mn":"ADBE Vector Graphic - Fill","hd":false},{"ty":"tr","p":{"a":0,"k":[0,0],"ix":2},"a":{"a":0,"k":[0,0],"ix":1},"s":{"a":0,"k":[100,100],"ix":3},"r":{"a":0,"k":0,"ix":6},"o":{"a":0,"k":100,"ix":7},"sk":{"a":0,"k":0,"ix":4},"sa":{"a":0,"k":0,"ix":5},"nm":"Transform"}],"nm":"R","np":5,"cix":2,"bm":0,"ix":4,"mn":"ADBE Vector Group","hd":false},{"ty":"gr","it":[{"ind":0,"ty":"sh","ix":1,"ks":{"a":0,"k":{"i":[[0,0],[0,0],[0,0],[0,0],[0,0],[0,0],[0,0],[0,0]],"o":[[0,0],[0,0],[0,0],[0,0],[0,0],[0,0],[0,0],[0,0]],"v":[[109.938,0],[112.757,0],[112.757,-24.233],[122.13,-24.233],[122.13,-26.672],[100.565,-26.672],[100.565,-24.233],[109.938,-24.233]],"c":true},"ix":2},"nm":"T","mn":"ADBE Vector Shape - Group","hd":false},{"ty":"st","c":{"a":0,"k":[0,0,0,1],"ix":3},"o":{"a":0,"k":100,"ix":4},"w":{"a":0,"k":2,"ix":5},"lc":1,"lj":1,"ml":4,"bm":0,"nm":"Stroke 1","mn":"ADBE Vector Graphic - Stroke","hd":true},{"ty":"fl","c":{"a":0,"k":[0.960784313725,0.980392156863,1,1],"ix":4},"o":{"a":0,"k":100,"ix":5},"r":1,"bm":0,"nm":"Fill 1","mn":"ADBE Vector Graphic - Fill","hd":false},{"ty":"tr","p":{"a":0,"k":[0,0],"ix":2},"a":{"a":0,"k":[0,0],"ix":1},"s":{"a":0,"k":[100,100],"ix":3},"r":{"a":0,"k":0,"ix":6},"o":{"a":0,"k":100,"ix":7},"sk":{"a":0,"k":0,"ix":4},"sa":{"a":0,"k":0,"ix":5},"nm":"Transform"}],"nm":"T","np":3,"cix":2,"bm":0,"ix":5,"mn":"ADBE Vector Group","hd":false}],"ip":8,"op":369,"st":8,"bm":0},{"ddd":0,"ind":2,"ty":4,"nm":"Layer 20","sr":1,"ks":{"o":{"a":0,"k":100,"ix":11},"r":{"a":0,"k":0,"ix":10},"p":{"a":1,"k":[{"i":{"x":0.833,"y":0.832},"o":{"x":0.167,"y":0.167},"t":8,"s":[360,500,0],"to":[0,-4.059,0],"ti":[0,8.172,0]},{"i":{"x":0.833,"y":0.834},"o":{"x":0.167,"y":0.166},"t":9,"s":[360,475.645,0],"to":[0,-8.172,0],"ti":[0,8.191,0]},{"i":{"x":0.833,"y":0.835},"o":{"x":0.167,"y":0.167},"t":10,"s":[360,450.966,0],"to":[0,-8.191,0],"ti":[0,8.07,0]},{"i":{"x":0.833,"y":0.837},"o":{"x":0.167,"y":0.168},"t":11,"s":[360,426.5,0],"to":[0,-8.07,0],"ti":[0,7.812,0]},{"i":{"x":0.833,"y":0.845},"o":{"x":0.167,"y":0.17},"t":12,"s":[360,402.546,0],"to":[0,-7.812,0],"ti":[0,7.091,0]},{"i":{"x":0.833,"y":0.873},"o":{"x":0.167,"y":0.181},"t":13,"s":[360,379.628,0],"to":[0,-7.091,0],"ti":[0,4.997,0]},{"i":{"x":0.833,"y":0.902},"o":{"x":0.167,"y":0.241},"t":14,"s":[360,360,0],"to":[0,-4.997,0],"ti":[0,1.691,0]},{"i":{"x":0.833,"y":0.789},"o":{"x":0.167,"y":0.555},"t":15,"s":[360,349.648,0],"to":[0,-1.691,0],"ti":[0,-0.502,0]},{"i":{"x":0.833,"y":0.837},"o":{"x":0.167,"y":0.138},"t":16,"s":[360,349.854,0],"to":[0,0.502,0],"ti":[0,-0.918,0]},{"i":{"x":0.833,"y":0.857},"o":{"x":0.167,"y":0.17},"t":17,"s":[360,352.661,0],"to":[0,0.918,0],"ti":[0,-0.773,0]},{"i":{"x":0.833,"y":0.864},"o":{"x":0.167,"y":0.199},"t":18,"s":[360,355.361,0],"to":[0,0.773,0],"ti":[0,-0.527,0]},{"i":{"x":0.833,"y":0.868},"o":{"x":0.167,"y":0.216},"t":19,"s":[360,357.301,0],"to":[0,0.527,0],"ti":[0,-0.322,0]},{"i":{"x":0.833,"y":0.871},"o":{"x":0.167,"y":0.227},"t":20,"s":[360,358.522,0],"to":[0,0.322,0],"ti":[0,-0.183,0]},{"i":{"x":0.833,"y":0.873},"o":{"x":0.167,"y":0.236},"t":21,"s":[360,359.231,0],"to":[0,0.183,0],"ti":[0,-0.098,0]},{"i":{"x":0.833,"y":0.875},"o":{"x":0.167,"y":0.244},"t":22,"s":[360,359.618,0],"to":[0,0.098,0],"ti":[0,-0.05,0]},{"i":{"x":0.833,"y":0.877},"o":{"x":0.167,"y":0.251},"t":23,"s":[360,359.819,0],"to":[0,0.05,0],"ti":[0,-0.024,0]},{"i":{"x":0.833,"y":0.879},"o":{"x":0.167,"y":0.26},"t":24,"s":[360,359.919,0],"to":[0,0.024,0],"ti":[0,-0.011,0]},{"i":{"x":0.833,"y":0.917},"o":{"x":0.167,"y":0.27},"t":25,"s":[360,359.966,0],"to":[0,0.011,0],"ti":[0,-0.004,0]},{"i":{"x":0.833,"y":0.833},"o":{"x":0.167,"y":0.167},"t":26,"s":[360,359.987,0],"to":[0,0,0],"ti":[0,0,0]},{"i":{"x":0.833,"y":0.875},"o":{"x":0.167,"y":0.125},"t":27,"s":[360,359.987,0],"to":[0,0.667,0],"ti":[0,0,0]},{"i":{"x":0.833,"y":0.944},"o":{"x":0.167,"y":0.208},"t":30,"s":[360,363.987,0],"to":[0,0,0],"ti":[0,0.667,0]},{"t":35,"s":[360,359.987,0]}],"ix":2},"a":{"a":0,"k":[0,0,0],"ix":1},"s":{"a":0,"k":[100,100,100],"ix":6}},"ao":0,"ef":[{"ty":5,"nm":"Kleaner","np":34,"mn":"Pseudo/Duik Kleaner v3.2","ix":1,"en":1,"ef":[{"ty":7,"nm":"Anticipation","mn":"Pseudo/Duik Kleaner v3.2-0001","ix":1,"v":{"a":0,"k":0,"ix":1}},{"ty":7,"nm":"Smart Interpolation","mn":"Pseudo/Duik Kleaner v3.2-0002","ix":2,"v":{"a":0,"k":0,"ix":2}},{"ty":7,"nm":"Follow Through","mn":"Pseudo/Duik Kleaner v3.2-0003","ix":3,"v":{"a":0,"k":1,"ix":3}},{"ty":6,"nm":"Anticipation","mn":"Pseudo/Duik Kleaner v3.2-0004","ix":4,"v":0},{"ty":0,"nm":"Duration (s)","mn":"Pseudo/Duik Kleaner v3.2-0005","ix":5,"v":{"a":0,"k":0.3,"ix":5}},{"ty":0,"nm":"Amplitude","mn":"Pseudo/Duik Kleaner v3.2-0006","ix":6,"v":{"a":0,"k":50,"ix":6}},{"ty":6,"nm":"","mn":"Pseudo/Duik Kleaner v3.2-0007","ix":7,"v":0},{"ty":6,"nm":"Interpolation","mn":"Pseudo/Duik Kleaner v3.2-0008","ix":8,"v":0},{"ty":0,"nm":"Slow In","mn":"Pseudo/Duik Kleaner v3.2-0009","ix":9,"v":{"a":0,"k":60,"ix":9}},{"ty":0,"nm":"Slow Out","mn":"Pseudo/Duik Kleaner v3.2-0010","ix":10,"v":{"a":0,"k":25,"ix":10}},{"ty":6,"nm":"","mn":"Pseudo/Duik Kleaner v3.2-0011","ix":11,"v":0},{"ty":6,"nm":"Follow Through","mn":"Pseudo/Duik Kleaner v3.2-0012","ix":12,"v":0},{"ty":0,"nm":"Elasticity","mn":"Pseudo/Duik Kleaner v3.2-0013","ix":13,"v":{"a":0,"k":8,"ix":13}},{"ty":0,"nm":"Elasticity random","mn":"Pseudo/Duik Kleaner v3.2-0014","ix":14,"v":{"a":0,"k":50,"ix":14}},{"ty":0,"nm":"Damping","mn":"Pseudo/Duik Kleaner v3.2-0015","ix":15,"v":{"a":0,"k":141.1,"ix":15}},{"ty":0,"nm":"Damping random","mn":"Pseudo/Duik Kleaner v3.2-0016","ix":16,"v":{"a":0,"k":164,"ix":16}},{"ty":7,"nm":"Bounce","mn":"Pseudo/Duik Kleaner v3.2-0017","ix":17,"v":{"a":0,"k":0,"ix":17}},{"ty":6,"nm":"","mn":"Pseudo/Duik Kleaner v3.2-0018","ix":18,"v":0},{"ty":6,"nm":"Spatial Options","mn":"Pseudo/Duik Kleaner v3.2-0019","ix":19,"v":0},{"ty":7,"nm":"Smart Interpolation","mn":"Pseudo/Duik Kleaner v3.2-0020","ix":20,"v":{"a":0,"k":0,"ix":20}},{"ty":7,"nm":"Mode","mn":"Pseudo/Duik Kleaner v3.2-0021","ix":21,"v":{"a":0,"k":2,"ix":21}},{"ty":6,"nm":"Overlap (simulation)","mn":"Pseudo/Duik Kleaner v3.2-0022","ix":22,"v":0},{"ty":7,"nm":"Overlap","mn":"Pseudo/Duik Kleaner v3.2-0023","ix":23,"v":{"a":0,"k":1,"ix":23}},{"ty":0,"nm":"Delay (s)","mn":"Pseudo/Duik Kleaner v3.2-0024","ix":24,"v":{"a":0,"k":0.05,"ix":24}},{"ty":0,"nm":"Overlap random","mn":"Pseudo/Duik Kleaner v3.2-0025","ix":25,"v":{"a":0,"k":30,"ix":25}},{"ty":6,"nm":"","mn":"Pseudo/Duik Kleaner v3.2-0026","ix":26,"v":0},{"ty":6,"nm":"Soft Body (simulation)","mn":"Pseudo/Duik Kleaner v3.2-0027","ix":27,"v":0},{"ty":7,"nm":"Soft Body","mn":"Pseudo/Duik Kleaner v3.2-0028","ix":28,"v":{"a":0,"k":1,"ix":28}},{"ty":0,"nm":"Soft-Body Flexibility","mn":"Pseudo/Duik Kleaner v3.2-0029","ix":29,"v":{"a":0,"k":100,"ix":29}},{"ty":6,"nm":"","mn":"Pseudo/Duik Kleaner v3.2-0030","ix":30,"v":0},{"ty":6,"nm":"","mn":"Pseudo/Duik Kleaner v3.2-0031","ix":31,"v":0},{"ty":0,"nm":"Precision","mn":"Pseudo/Duik Kleaner v3.2-0032","ix":32,"v":{"a":0,"k":1,"ix":32}}]}],"shapes":[{"ty":"gr","it":[{"ind":0,"ty":"sh","ix":1,"ks":{"a":0,"k":{"i":[[18.316,0],[0,0],[0,18.316],[0,0],[-18.316,0],[0,0],[0,-18.316],[0,0]],"o":[[0,0],[-18.316,0],[0,0],[0,-18.316],[0,0],[18.316,0],[0,0],[0,18.316]],"v":[[54.516,316.802],[-54.516,316.802],[-87.817,283.5],[-87.817,283.5],[-54.516,250.198],[54.516,250.198],[87.817,283.5],[87.817,283.5]],"c":true},"ix":2},"nm":"Path 1","mn":"ADBE Vector Shape - Group","hd":false},{"ty":"fl","c":{"a":1,"k":[{"i":{"x":[0.833],"y":[0.833]},"o":{"x":[0.167],"y":[0.167]},"t":27,"s":[0.098039217293,0.866666674614,0.278431385756,1]},{"i":{"x":[0.833],"y":[0.833]},"o":{"x":[0.167],"y":[0.167]},"t":29,"s":[0.320476710796,0.898039221764,0.456027120352,1]},{"i":{"x":[0.833],"y":[0.833]},"o":{"x":[0.167],"y":[0.167]},"t":33,"s":[0.320476710796,0.898039221764,0.456027120352,1]},{"t":35,"s":[0.098039217293,0.866666674614,0.278431385756,1]}],"ix":4},"o":{"a":0,"k":100,"ix":5},"r":1,"bm":0,"nm":"Fill 1","mn":"ADBE Vector Graphic - Fill","hd":false},{"ty":"tr","p":{"a":0,"k":[0,0],"ix":2},"a":{"a":0,"k":[0,0],"ix":1},"s":{"a":0,"k":[100,100],"ix":3},"r":{"a":0,"k":0,"ix":6},"o":{"a":0,"k":100,"ix":7},"sk":{"a":0,"k":0,"ix":4},"sa":{"a":0,"k":0,"ix":5},"nm":"Transform"}],"nm":"Group 1","np":2,"cix":2,"bm":0,"ix":1,"mn":"ADBE Vector Group","hd":false}],"ip":8,"op":369,"st":8,"bm":0},{"ddd":0,"ind":3,"ty":4,"nm":"#startIt .startIt","ln":"startIt","cl":"startIt","sr":1,"ks":{"o":{"a":0,"k":100,"ix":11},"r":{"a":0,"k":0,"ix":10},"p":{"a":0,"k":[360,363.987,0],"ix":2},"a":{"a":0,"k":[0,0,0],"ix":1},"s":{"a":0,"k":[100,100,100],"ix":6}},"ao":0,"shapes":[{"ty":"gr","it":[{"ind":0,"ty":"sh","ix":1,"ks":{"a":0,"k":{"i":[[18.316,0],[0,0],[0,18.316],[0,0],[-18.316,0],[0,0],[0,-18.316],[0,0]],"o":[[0,0],[-18.316,0],[0,0],[0,-18.316],[0,0],[18.316,0],[0,0],[0,18.316]],"v":[[54.516,316.802],[-54.516,316.802],[-87.817,283.5],[-87.817,283.5],[-54.516,250.198],[54.516,250.198],[87.817,283.5],[87.817,283.5]],"c":true},"ix":2},"nm":"Path 1","mn":"ADBE Vector Shape - Group","hd":false},{"ty":"fl","c":{"a":0,"k":[0.076585926729,0.650980392157,0.211392810298,1],"ix":4},"o":{"a":0,"k":100,"ix":5},"r":1,"bm":0,"nm":"Fill 1","mn":"ADBE Vector Graphic - Fill","hd":false},{"ty":"tr","p":{"a":0,"k":[0,0],"ix":2},"a":{"a":0,"k":[0,0],"ix":1},"s":{"a":0,"k":[100,100],"ix":3},"r":{"a":0,"k":0,"ix":6},"o":{"a":0,"k":100,"ix":7},"sk":{"a":0,"k":0,"ix":4},"sa":{"a":0,"k":0,"ix":5},"nm":"Transform"}],"nm":"Group 1","np":2,"cix":2,"bm":0,"ix":1,"mn":"ADBE Vector Group","hd":false}],"ip":27,"op":369,"st":8,"bm":0},{"ddd":0,"ind":4,"ty":4,"nm":"Layer 19","parent":2,"sr":1,"ks":{"o":{"a":0,"k":100,"ix":11},"r":{"a":0,"k":0,"ix":10},"p":{"a":0,"k":[0,4,0],"ix":2},"a":{"a":0,"k":[0,0,0],"ix":1},"s":{"a":0,"k":[100,100,100],"ix":6}},"ao":0,"shapes":[{"ty":"gr","it":[{"ind":0,"ty":"sh","ix":1,"ks":{"a":0,"k":{"i":[[18.316,0],[0,0],[0,18.316],[0,0],[-18.316,0],[0,0],[0,-18.316],[0,0]],"o":[[0,0],[-18.316,0],[0,0],[0,-18.316],[0,0],[18.316,0],[0,0],[0,18.316]],"v":[[54.516,316.802],[-54.516,316.802],[-87.817,283.5],[-87.817,283.5],[-54.516,250.198],[54.516,250.198],[87.817,283.5],[87.817,283.5]],"c":true},"ix":2},"nm":"Path 1","mn":"ADBE Vector Shape - Group","hd":false},{"ty":"fl","c":{"a":0,"k":[0.076585926729,0.650980392157,0.211392810298,1],"ix":4},"o":{"a":0,"k":100,"ix":5},"r":1,"bm":0,"nm":"Fill 1","mn":"ADBE Vector Graphic - Fill","hd":false},{"ty":"tr","p":{"a":0,"k":[0,0],"ix":2},"a":{"a":0,"k":[0,0],"ix":1},"s":{"a":0,"k":[100,100],"ix":3},"r":{"a":0,"k":0,"ix":6},"o":{"a":0,"k":100,"ix":7},"sk":{"a":0,"k":0,"ix":4},"sa":{"a":0,"k":0,"ix":5},"nm":"Transform"}],"nm":"Group 1","np":2,"cix":2,"bm":0,"ix":1,"mn":"ADBE Vector Group","hd":false}],"ip":8,"op":27,"st":8,"bm":0}],"markers":[]}